"","State","County","totalDeaths","totalCases","Income","Beds","Pop.2019","StayHomeDate"
"1","California","Alameda",52,1470,"76,644",4046,1671329,"2020-03-19"
"2","California","Alpine",0,2,"73,307",NA,1129,"2020-03-19"
"3","California","Amador",0,8,"44,793",52,39752,"2020-03-19"
"4","California","Butte",0,16,"44,346",592,219186,"2020-03-19"
"5","California","Calaveras",0,13,"49,893",48,45905,"2020-03-19"
"6","California","Colusa",0,3,"49,094",48,21547,"2020-03-19"
"7","California","Contra Costa",29,817,"82,506",1993,1153526,"2020-03-19"
"8","California","Del Norte",0,3,"37,268",49,27812,"2020-03-19"
"9","California","El Dorado",0,42,"67,464",240,192843,"2020-03-19"
"10","California","Fresno",7,458,"43,084",3551,999101,"2020-03-19"
"11","California","Glenn",0,5,"48,613",47,28393,"2020-03-19"
"12","California","Humboldt",0,53,"48,739",299,135558,"2020-03-19"
"13","California","Imperial",8,251,"36,974",268,181215,"2020-03-19"
"14","California","Inyo",1,19,"61,358",62,18039,"2020-03-19"
"15","California","Kern",4,809,"39,703",1833,900202,"2020-03-19"
"16","California","Kings",1,52,"35,306",223,152940,"2020-03-19"
"17","California","Lake",0,6,"43,185",62,64386,"2020-03-19"
"18","California","Lassen",0,0,"37,844",38,30573,"2020-03-19"
"19","California","Los Angeles",916,19567,"62,224",30371,10039107,"2020-03-19"
"20","California","Madera",2,40,"39,897",462,157327,"2020-03-19"
"21","California","Marin",12,223,"134,275",458,258826,"2020-03-19"
"22","California","Mariposa",0,0,"53,143",34,17203,"2020-03-19"
"23","California","Mendocino",0,11,"50,150",141,86749,"2020-03-19"
"24","California","Merced",3,103,"38,519",246,277680,"2020-03-19"
"25","California","Modoc",0,0,"44,822",113,8841,"2020-03-19"
"26","California","Mono",1,24,"51,325",17,14444,"2020-03-19"
"27","California","Monterey",4,183,"56,193",793,434061,"2020-03-19"
"28","California","Napa",2,60,"74,984",1780,137744,"2020-03-19"
"29","California","Nevada",1,37,"61,799",176,99755,"2020-03-19"
"30","California","Orange",39,2074,"69,268",8444,3175692,"2020-03-19"
"31","California","Placer",8,141,"66,700",748,398329,"2020-03-19"
"32","California","Plumas",0,4,"53,599",87,18807,"2020-03-19"
"33","California","Riverside",118,3563,"40,637",3945,2470546,"2020-03-19"
"34","California","Sacramento",41,1037,"52,544",4159,1552058,"2020-03-19"
"35","California","San Benito",2,47,"53,822",181,62808,"2020-03-19"
"36","California","San Bernardino",82,1732,"40,316",5929,2180085,"2020-03-19"
"37","California","San Diego",111,2943,"61,386",7658,3338330,"2020-03-19"
"38","California","San Francisco",22,1408,"130,696",4828,881549,"2020-03-19"
"39","California","San Joaquin",25,512,"44,995",1280,762148,"2020-03-19"
"40","California","San Luis Obispo",1,166,"58,491",1747,283111,"2020-03-19"
"41","California","San Mateo",41,1019,"126,392",1781,766573,"2020-03-19"
"42","California","Santa Barbara",7,469,"62,690",1054,446499,"2020-03-19"
"43","California","Santa Clara",100,2084,"107,877",3831,1927852,"2020-03-19"
"44","California","Santa Cruz",2,120,"69,355",432,273213,"2020-03-19"
"45","California","Shasta",4,30,"46,582",763,180080,"2020-03-19"
"46","California","Sierra",0,0,"46,615",39,3005,"2020-03-19"
"47","California","Siskiyou",0,5,"45,065",61,43539,"2020-03-19"
"48","California","Solano",4,199,"51,664",749,447643,"2020-03-19"
"49","California","Sonoma",2,218,"64,501",2071,494336,"2020-03-19"
"50","California","Stanislaus",5,286,"44,120",1729,550660,"2020-03-19"
"51","California","Sutter",3,45,"44,535",92,96971,"2020-03-19"
"52","California","Tehama",1,1,"42,483",76,65084,"2020-03-19"
"53","California","Trinity",0,0,"40,640",51,12285,"2020-03-19"
"54","California","Tulare",32,504,"40,420",2086,466195,"2020-03-19"
"55","California","Tuolumne",0,3,"47,838",152,54478,"2020-03-19"
"56","California","Ventura",16,496,"61,712",1690,846006,"2020-03-19"
"57","California","Yolo",13,161,"54,118",156,220500,"2020-03-19"
"58","California","Yuba",1,16,"40,929",173,78668,"2020-03-19"
"59","Florida","Alachua",2,251,"44,390",1765,269043,"2020-04-03"
"60","Florida","Baker",3,20,"32,313",1163,29210,"2020-04-03"
"61","Florida","Bay",2,65,"43,231",752,174705,"2020-04-03"
"62","Florida","Bradford",2,43,"33,557",25,28201,"2020-04-03"
"63","Florida","Brevard",8,252,"45,425",1768,601942,"2020-04-03"
"64","Florida","Broward",170,4729,"50,269",6803,1952778,"2020-04-03"
"65","Florida","Calhoun",0,6,"26,873",25,14105,"2020-04-03"
"66","Florida","Charlotte",14,203,"41,564",823,188910,"2020-04-03"
"67","Florida","Citrus",11,97,"37,920",332,149657,"2020-04-03"
"68","Florida","Clay",14,267,"42,909",416,219252,"2020-04-03"
"69","Florida","Collier",15,552,"92,686",1051,384902,"2020-04-03"
"70","Florida","Columbia",0,49,"35,074",346,71686,"2020-04-03"
"71","Florida","DeSoto",4,24,"23,610",NA,38001,"2020-04-03"
"72","Florida","Dixie",0,6,"27,956",NA,16826,"2020-04-03"
"73","Florida","Duval",18,984,"46,174",4071,957755,"2020-04-03"
"74","Florida","Escambia",11,457,"42,537",1310,318316,"2020-04-03"
"75","Florida","Flagler",2,121,"46,220",99,115081,"2020-04-03"
"76","Florida","Franklin",0,2,"35,988",25,12125,"2020-04-03"
"77","Florida","Gadsden",0,81,"35,139",1253,45660,"2020-04-03"
"78","Florida","Gilchrist",0,4,"33,774",NA,18582,"2020-04-03"
"79","Florida","Glades",1,6,"24,467",NA,13811,"2020-04-03"
"80","Florida","Gulf",0,1,"35,701",19,13639,"2020-04-03"
"81","Florida","Hamilton",0,6,"26,016",NA,14428,"2020-04-03"
"82","Florida","Hardee",0,10,"28,285",25,26937,"2020-04-03"
"83","Florida","Hendry",2,65,"31,071",25,42022,"2020-04-03"
"84","Florida","Hernando",3,89,"36,878",620,193920,"2020-04-03"
"85","Florida","Highlands",7,76,"33,453",323,106221,"2020-04-03"
"86","Florida","Hillsborough",21,1048,"47,000",4857,1471968,"2020-04-03"
"87","Florida","Holmes",0,9,"30,468",20,19617,"2020-04-03"
"88","Florida","Indian River",5,89,"76,059",612,159923,"2020-04-03"
"89","Florida","Jackson",0,13,"32,106",87,46414,"2020-04-03"
"90","Florida","Jefferson",2,27,"40,736",NA,14246,"2020-04-03"
"91","Florida","Lafayette",0,1,"24,148",NA,8422,"2020-04-03"
"92","Florida","Lake",10,222,"42,190",943,367118,"2020-04-03"
"93","Florida","Lee",37,961,"51,266",2240,770577,"2020-04-03"
"94","Florida","Leon",2,210,"44,482",1208,293582,"2020-04-03"
"95","Florida","Levy",0,13,"35,204",40,41503,"2020-04-03"
"96","Florida","Liberty",0,2,"23,582",NA,8354,"2020-04-03"
"97","Florida","Madison",2,43,"31,675",25,18493,"2020-04-03"
"98","Florida","Manatee",42,508,"47,378",806,403253,"2020-04-03"
"99","Florida","Marion",4,151,"36,997",919,365579,"2020-04-03"
"100","Florida","Martin",5,174,"83,873",558,161000,"2020-04-03"
"101","Florida","Miami-Dade",301,11351,"50,022",10243,2716940,"2020-04-03"
"102","Florida","Monroe",3,78,"92,119",148,74228,"2020-04-03"
"103","Florida","Nassau",0,53,"57,877",54,88625,"2020-04-03"
"104","Florida","Okaloosa",3,149,"48,875",673,210738,"2020-04-03"
"105","Florida","Okeechobee",0,9,"30,661",100,42168,"2020-04-03"
"106","Florida","Orange",30,1322,"44,647",4751,1393452,"2020-04-03"
"107","Florida","Osceola",7,463,"33,346",997,375751,"2020-04-03"
"108","Florida","Palm Beach",155,2697,"79,760",4993,1496770,"2020-04-03"
"109","Florida","Pasco",4,233,"40,313",1440,553947,"2020-04-03"
"110","Florida","Pinellas",24,687,"53,455",4229,974996,"2020-04-03"
"111","Florida","Polk",18,410,"35,463",1793,724777,"2020-04-03"
"112","Florida","Putnam",1,87,"31,773",99,74521,"2020-04-03"
"113","Florida","Santa Rosa",6,149,"44,527",385,184313,"2020-04-03"
"114","Florida","Sarasota",32,321,"64,868",1618,433742,"2020-04-03"
"115","Florida","Seminole",8,357,"49,049",965,471826,"2020-04-03"
"116","Florida","St. Johns",4,204,"68,149",335,264672,"2020-04-03"
"117","Florida","St. Lucie",19,228,"39,374",986,328297,"2020-04-03"
"118","Florida","Sumter",12,171,"46,100",339,132420,"2020-04-03"
"119","Florida","Suwannee",11,116,"33,068",15,44417,"2020-04-03"
"120","Florida","Taylor",0,3,"30,346",96,21569,"2020-04-03"
"121","Florida","Union",0,4,"22,227",217,15237,"2020-04-03"
"122","Florida","Volusia",17,434,"42,374",2042,553284,"2020-04-03"
"123","Florida","Wakulla",1,21,"37,026",NA,33739,"2020-04-03"
"124","Florida","Walton",0,35,"59,728",108,74071,"2020-04-03"
"125","Florida","Washington",0,12,"29,414",59,25473,"2020-04-03"
"126","Illinois","Adams",0,32,"46,886",335,65435,"2020-03-21"
"127","Illinois","Alexander",0,3,"34,713",NA,5761,"2020-03-21"
"128","Illinois","Bond",1,5,"37,653",150,16426,"2020-03-21"
"129","Illinois","Boone",8,76,"47,437",NA,53544,"2020-03-21"
"130","Illinois","Brown",0,0,"35,166",NA,6578,"2020-03-21"
"131","Illinois","Bureau",0,10,"43,931",25,32628,"2020-03-21"
"132","Illinois","Calhoun",0,1,"42,511",NA,4739,"2020-03-21"
"133","Illinois","Carroll",2,9,"42,399",NA,14305,"2020-03-21"
"134","Illinois","Cass",0,27,"42,649",NA,12147,"2020-03-21"
"135","Illinois","Champaign",5,105,"45,328",549,209689,"2020-03-21"
"136","Illinois","Christian",4,28,"41,724",67,32304,"2020-03-21"
"137","Illinois","Clark",0,4,"43,012",NA,15441,"2020-03-21"
"138","Illinois","Clay",0,2,"40,351",18,13184,"2020-03-21"
"139","Illinois","Clinton",1,84,"48,253",NA,37562,"2020-03-21"
"140","Illinois","Coles",1,22,"40,995",118,50621,"2020-03-21"
"141","Illinois","Cook",1313,30574,"62,205",18259,5150233,"2020-03-21"
"142","Illinois","Crawford",0,10,"48,332",63,18667,"2020-03-21"
"143","Illinois","Cumberland",0,3,"43,778",NA,10766,"2020-03-21"
"144","Illinois","De Witt",0,1,"47,205",25,15638,"2020-03-21"
"145","Illinois","DeKalb",1,71,"40,929",NA,104897,"2020-03-21"
"146","Illinois","Douglas",0,13,"51,537",NA,19465,"2020-03-21"
"147","Illinois","DuPage",131,2443,"72,889",NA,922921,"2020-03-21"
"148","Illinois","Edgar",0,0,"42,184",25,17161,"2020-03-21"
"149","Illinois","Edwards",0,0,"40,331",NA,6395,"2020-03-21"
"150","Illinois","Effingham",1,5,"50,599",146,34008,"2020-03-21"
"151","Illinois","Fayette",2,16,"35,456",110,21336,"2020-03-21"
"152","Illinois","Ford",1,8,"52,879",67,12961,"2020-03-21"
"153","Illinois","Franklin",0,8,"37,355",25,38469,"2020-03-21"
"154","Illinois","Fulton",0,3,"38,361",93,34340,"2020-03-21"
"155","Illinois","Gallatin",0,2,"44,602",NA,4828,"2020-03-21"
"156","Illinois","Greene",0,2,"36,912",286,12969,"2020-03-21"
"157","Illinois","Grundy",0,30,"51,657",89,51054,"2020-03-21"
"158","Illinois","Hamilton",0,2,"43,349",25,8116,"2020-03-21"
"159","Illinois","Hancock",0,4,"46,081",18,17708,"2020-03-21"
"160","Illinois","Hardin",0,1,"37,155",25,3821,"2020-03-21"
"161","Illinois","Henderson",0,4,"41,951",NA,6646,"2020-03-21"
"162","Illinois","Henry",0,36,"45,072",86,48913,"2020-03-21"
"163","Illinois","Iroquois",0,18,"43,258",84,27114,"2020-03-21"
"164","Illinois","Jackson",7,67,"37,284",184,56750,"2020-03-21"
"165","Illinois","Jasper",2,42,"45,961",NA,9610,"2020-03-21"
"166","Illinois","Jefferson",5,83,"39,581",187,37684,"2020-03-21"
"167","Illinois","Jersey",1,12,"41,522",49,21773,"2020-03-21"
"168","Illinois","Jo Daviess",0,11,"49,061",25,21235,"2020-03-21"
"169","Illinois","Johnson",0,4,"35,956",NA,12417,"2020-03-21"
"170","Illinois","Kane",39,1109,"51,333",1101,532403,"2020-03-21"
"171","Illinois","Kankakee",23,304,"41,290",468,109862,"2020-03-21"
"172","Illinois","Kendall",5,208,"49,033",NA,128990,"2020-03-21"
"173","Illinois","Knox",0,36,"39,471",209,49699,"2020-03-21"
"174","Illinois","LaSalle",1,44,"44,632",NA,108669,"2020-03-21"
"175","Illinois","Lake",118,2990,"78,559",968,696535,"2020-03-21"
"176","Illinois","Lawrence",0,3,"29,911",25,15678,"2020-03-21"
"177","Illinois","Lee",0,19,"41,788",80,34096,"2020-03-21"
"178","Illinois","Livingston",1,20,"44,775",42,35648,"2020-03-21"
"179","Illinois","Logan",0,4,"38,339",25,28618,"2020-03-21"
"180","Illinois","Macon",11,102,"48,214",188,104009,"2020-03-21"
"181","Illinois","Macoupin",0,28,"41,607",50,44926,"2020-03-21"
"182","Illinois","Madison",16,305,"46,890",968,262966,"2020-03-21"
"183","Illinois","Marion",0,26,"43,059",135,37205,"2020-03-21"
"184","Illinois","Marshall",0,4,"46,015",NA,11438,"2020-03-21"
"185","Illinois","Mason",0,6,"42,510",20,13359,"2020-03-21"
"186","Illinois","Massac",0,4,"38,360",25,13772,"2020-03-21"
"187","Illinois","McDonough",0,6,"38,692",NA,29682,"2020-03-21"
"188","Illinois","McHenry",28,513,"55,720",NA,307774,"2020-03-21"
"189","Illinois","McLean",3,88,"49,180",NA,171517,"2020-03-21"
"190","Illinois","Menard",0,4,"47,233",NA,12196,"2020-03-21"
"191","Illinois","Mercer",0,7,"45,046",22,15437,"2020-03-21"
"192","Illinois","Monroe",10,64,"58,686",NA,34637,"2020-03-21"
"193","Illinois","Montgomery",1,23,"37,717",50,28414,"2020-03-21"
"194","Illinois","Morgan",1,16,"41,359",108,33658,"2020-03-21"
"195","Illinois","Moultrie",0,4,"62,718",NA,14501,"2020-03-21"
"196","Illinois","Ogle",1,87,"46,755",16,50643,"2020-03-21"
"197","Illinois","Peoria",2,65,"51,135",1122,179179,"2020-03-21"
"198","Illinois","Perry",0,8,"38,369",50,20916,"2020-03-21"
"199","Illinois","Piatt",0,7,"54,258",16,16344,"2020-03-21"
"200","Illinois","Pike",0,1,"42,768",21,15561,"2020-03-21"
"201","Illinois","Pope",0,0,"30,306",NA,4177,"2020-03-21"
"202","Illinois","Pulaski",0,15,"36,146",NA,5335,"2020-03-21"
"203","Illinois","Putnam",0,0,"58,869",NA,5739,"2020-03-21"
"204","Illinois","Randolph",1,104,"36,905",165,31782,"2020-03-21"
"205","Illinois","Richland",0,3,"42,555",90,15513,"2020-03-21"
"206","Illinois","Rock Island",6,304,"44,802",444,141879,"2020-03-21"
"207","Illinois","Saline",0,3,"39,687",98,23491,"2020-03-21"
"208","Illinois","Sangamon",6,104,"48,891",1045,194672,"2020-03-21"
"209","Illinois","Schuyler",0,1,"44,200",46,6768,"2020-03-21"
"210","Illinois","Scott",0,0,"42,720",NA,4951,"2020-03-21"
"211","Illinois","Shelby",0,10,"41,512",30,21634,"2020-03-21"
"212","Illinois","St. Clair",24,391,"45,061",818,259686,"2020-03-21"
"213","Illinois","Stark",0,1,"42,877",NA,5342,"2020-03-21"
"214","Illinois","Stephenson",0,16,"42,722",100,44498,"2020-03-21"
"215","Illinois","Tazewell",3,36,"47,862",150,131803,"2020-03-21"
"216","Illinois","Union",0,8,"42,760",47,16653,"2020-03-21"
"217","Illinois","Vermilion",0,11,"39,481",447,75758,"2020-03-21"
"218","Illinois","Wabash",0,1,"43,571",25,11520,"2020-03-21"
"219","Illinois","Warren",0,49,"41,274",23,16844,"2020-03-21"
"220","Illinois","Washington",0,8,"51,144",NA,13887,"2020-03-21"
"221","Illinois","Wayne",0,2,"41,164",55,16215,"2020-03-21"
"222","Illinois","White",0,1,"49,605",NA,13537,"2020-03-21"
"223","Illinois","Whiteside",5,62,"44,016",135,55175,"2020-03-21"
"224","Illinois","Will",133,2126,"52,953",NA,690743,"2020-03-21"
"225","Illinois","Williamson",0,25,"44,509",431,66597,"2020-03-21"
"226","Illinois","Winnebago",8,318,"43,742",907,282572,"2020-03-21"
"227","Illinois","Woodford",1,11,"52,928",18,38459,"2020-03-21"
"228","Louisiana","Acadia",7,130,"37,304",59,62045,"2020-03-23"
"229","Louisiana","Allen",9,82,"33,381",76,25627,"2020-03-23"
"230","Louisiana","Ascension",36,568,"49,829",125,126604,"2020-03-23"
"231","Louisiana","Assumption",3,173,"46,788",6,21891,"2020-03-23"
"232","Louisiana","Avoyelles",7,69,"37,911",55,40144,"2020-03-23"
"233","Louisiana","Beauregard",3,35,"42,782",80,37497,"2020-03-23"
"234","Louisiana","Bienville",13,72,"38,493",21,13241,"2020-03-23"
"235","Louisiana","Bossier",13,270,"44,149",404,127039,"2020-03-23"
"236","Louisiana","Caddo",93,1448,"48,413",2328,240204,"2020-03-23"
"237","Louisiana","Calcasieu",27,363,"48,968",788,203436,"2020-03-23"
"238","Louisiana","Caldwell",0,17,"33,950",65,9918,"2020-03-23"
"239","Louisiana","Cameron",0,3,"50,280",49,6973,"2020-03-23"
"240","Louisiana","Catahoula",2,25,"33,655",NA,9494,"2020-03-23"
"241","Louisiana","Claiborne",6,52,"35,240",NA,15670,"2020-03-23"
"242","Louisiana","Concordia",3,30,"32,942",65,19259,"2020-03-23"
"243","Louisiana","De Soto",10,185,"40,584",NA,27463,"2020-03-23"
"244","Louisiana","East Baton Rouge",120,1739,"51,386",2733,440059,"2020-03-23"
"245","Louisiana","East Carroll",0,6,"36,010",11,6861,"2020-03-23"
"246","Louisiana","East Feliciana",11,108,"42,771",506,19135,"2020-03-23"
"247","Louisiana","Evangeline",0,45,"33,671",250,33395,"2020-03-23"
"248","Louisiana","Franklin",2,116,"31,928",43,20015,"2020-03-23"
"249","Louisiana","Grant",0,11,"31,828",NA,22389,"2020-03-23"
"250","Louisiana","Iberia",16,243,"39,270",211,69830,"2020-03-23"
"251","Louisiana","Iberville",26,433,"41,423",NA,32511,"2020-03-23"
"252","Louisiana","Jackson",0,25,"34,116",25,15744,"2020-03-23"
"253","Louisiana","Jefferson",329,6059,"51,005",1628,432493,"2020-03-23"
"254","Louisiana","Jefferson Davis",5,59,"42,334",96,31368,"2020-03-23"
"255","Louisiana","LaSalle",0,19,"32,413",NA,14892,"2020-03-23"
"256","Louisiana","Lafayette",17,443,"50,273",1120,244390,"2020-03-23"
"257","Louisiana","Lafourche",39,624,"47,096",203,97614,"2020-03-23"
"258","Louisiana","Lincoln",4,72,"40,410",159,46742,"2020-03-23"
"259","Louisiana","Livingston",11,182,"40,658",59,140789,"2020-03-23"
"260","Louisiana","Madison",0,7,"32,437",25,10951,"2020-03-23"
"261","Louisiana","Morehouse",4,46,"38,495",82,24874,"2020-03-23"
"262","Louisiana","Natchitoches",2,73,"39,860",208,38158,"2020-03-23"
"263","Louisiana","Orleans",406,6342,"52,004",1671,390144,"2020-03-23"
"264","Louisiana","Ouachita",16,622,"41,053",679,153279,"2020-03-23"
"265","Louisiana","Plaquemines",15,168,"49,376",NA,23197,"2020-03-23"
"266","Louisiana","Pointe Coupee",12,89,"44,366",25,21730,"2020-03-23"
"267","Louisiana","Rapides",8,247,"46,090",966,129648,"2020-03-23"
"268","Louisiana","Red River",4,22,"42,201",37,8442,"2020-03-23"
"269","Louisiana","Richland",0,48,"37,330",56,20122,"2020-03-23"
"270","Louisiana","Sabine",0,13,"34,558",44,23884,"2020-03-23"
"271","Louisiana","St. Bernard",15,446,"32,130",NA,47244,"2020-03-23"
"272","Louisiana","St. Charles",36,542,"49,353",59,53100,"2020-03-23"
"273","Louisiana","St. Helena",1,27,"41,592",25,10132,"2020-03-23"
"274","Louisiana","St. James",18,239,"48,484",20,21096,"2020-03-23"
"275","Louisiana","St. John the Baptist",64,749,"40,573",62,42837,"2020-03-23"
"276","Louisiana","St. Landry",34,163,"41,191",605,82124,"2020-03-23"
"277","Louisiana","St. Martin",15,221,"37,645",25,53431,"2020-03-23"
"278","Louisiana","St. Mary",20,179,"39,280",187,49348,"2020-03-23"
"279","Louisiana","St. Tammany",94,1162,"62,366",946,260419,"2020-03-23"
"280","Louisiana","Tangipahoa",21,528,"38,974",424,134758,"2020-03-23"
"281","Louisiana","Tensas",0,1,"36,630",NA,4334,"2020-03-23"
"282","Louisiana","Terrebonne",26,371,"41,504",367,110461,"2020-03-23"
"283","Louisiana","Union",6,102,"38,794",54,22108,"2020-03-23"
"284","Louisiana","Vermilion",1,34,"39,042",95,59511,"2020-03-23"
"285","Louisiana","Vernon",2,16,"40,729",119,47429,"2020-03-23"
"286","Louisiana","Washington",14,245,"33,480",45,46194,"2020-03-23"
"287","Louisiana","Webster",4,83,"40,175",196,38340,"2020-03-23"
"288","Louisiana","West Baton Rouge",15,91,"46,976",NA,26465,"2020-03-23"
"289","Louisiana","West Carroll",0,4,"36,633",21,10830,"2020-03-23"
"290","Louisiana","West Feliciana",3,103,"38,655",22,15568,"2020-03-23"
"291","Louisiana","Winn",2,20,"36,698",99,13904,"2020-03-23"
"292","Massachusetts","Barnstable",37,772,"74,756",407,212990,"2020-03-24"
"293","Massachusetts","Berkshire",31,428,"56,503",359,124944,"2020-03-24"
"294","Massachusetts","Bristol",130,2923,"54,089",1399,565217,"2020-03-24"
"295","Massachusetts","Dukes",0,0,"93,726",25,17332,"2020-03-24"
"296","Massachusetts","Essex",336,7489,"67,507",1443,789034,"2020-03-24"
"297","Massachusetts","Franklin",32,226,"54,689",89,70180,"2020-03-24"
"298","Massachusetts","Hampden",315,3295,"51,187",1773,466372,"2020-03-24"
"299","Massachusetts","Hampshire",20,427,"52,984",165,160830,"2020-03-24"
"300","Massachusetts","Middlesex",670,12648,"83,795",4150,1611699,"2020-03-24"
"301","Massachusetts","Nantucket",0,0,"124,168",19,11399,"2020-03-24"
"302","Massachusetts","Norfolk",400,5288,"92,285",1786,706775,"2020-03-24"
"303","Massachusetts","Plymouth",212,4495,"67,505",872,521202,"2020-03-24"
"304","Massachusetts","Suffolk",391,11543,"81,152",6162,803907,"2020-03-24"
"305","Massachusetts","Worcester",183,4572,"57,003",2233,830622,"2020-03-24"
"306","Michigan","Alcona",0,3,"38,375",NA,10405,"2020-03-24"
"307","Michigan","Alger",0,0,"33,767",11,9108,"2020-03-24"
"308","Michigan","Allegan",1,69,"45,182",68,118081,"2020-03-24"
"309","Michigan","Alpena",2,60,"40,985",124,28405,"2020-03-24"
"310","Michigan","Antrim",0,10,"47,070",NA,23324,"2020-03-24"
"311","Michigan","Arenac",1,16,"37,369",25,14883,"2020-03-24"
"312","Michigan","Baraga",0,0,"33,519",15,8209,"2020-03-24"
"313","Michigan","Barry",1,29,"44,919",49,61550,"2020-03-24"
"314","Michigan","Bay",2,115,"41,722",389,103126,"2020-03-24"
"315","Michigan","Benzie",0,4,"43,557",8,17766,"2020-03-24"
"316","Michigan","Berrien",14,215,"47,430",512,153401,"2020-03-24"
"317","Michigan","Branch",2,48,"37,622",96,43517,"2020-03-24"
"318","Michigan","Calhoun",10,202,"40,276",317,134159,"2020-03-24"
"319","Michigan","Cass",2,26,"44,994",25,51787,"2020-03-24"
"320","Michigan","Charlevoix",1,13,"52,885",25,26143,"2020-03-24"
"321","Michigan","Cheboygan",1,17,"40,080",NA,25276,"2020-03-24"
"322","Michigan","Chippewa",0,2,"34,269",82,37349,"2020-03-24"
"323","Michigan","Clare",1,10,"34,120",49,30950,"2020-03-24"
"324","Michigan","Clinton",9,109,"46,518",25,79595,"2020-03-24"
"325","Michigan","Crawford",3,46,"34,648",71,14029,"2020-03-24"
"326","Michigan","Delta",2,12,"40,551",25,35784,"2020-03-24"
"327","Michigan","Dickinson",2,3,"49,397",96,25239,"2020-03-24"
"328","Michigan","Eaton",5,115,"42,693",45,110268,"2020-03-24"
"329","Michigan","Emmet",2,21,"57,115",178,33415,"2020-03-24"
"330","Michigan","Genesee",161,1467,"41,068",1169,405813,"2020-03-24"
"331","Michigan","Gladwin",1,11,"36,874",25,25449,"2020-03-24"
"332","Michigan","Gogebic",1,4,"39,945",25,13975,"2020-03-24"
"333","Michigan","Grand Traverse",5,19,"50,639",377,93088,"2020-03-24"
"334","Michigan","Gratiot",1,8,"37,834",67,40711,"2020-03-24"
"335","Michigan","Hillsdale",14,113,"36,598",65,45605,"2020-03-24"
"336","Michigan","Houghton",0,2,"37,674",61,35684,"2020-03-24"
"337","Michigan","Huron",0,13,"45,425",88,30981,"2020-03-24"
"338","Michigan","Ingham",9,406,"40,761",1123,292406,"2020-03-24"
"339","Michigan","Ionia",2,43,"35,273",47,64697,"2020-03-24"
"340","Michigan","Iosco",4,33,"37,970",49,25127,"2020-03-24"
"341","Michigan","Iron",0,0,"44,959",25,11066,"2020-03-24"
"342","Michigan","Isabella",7,55,"35,501",118,69872,"2020-03-24"
"343","Michigan","Jackson",16,327,"39,832",389,158510,"2020-03-24"
"344","Michigan","Kalamazoo",11,292,"48,723",821,265066,"2020-03-24"
"345","Michigan","Kalkaska",2,17,"34,623",8,18038,"2020-03-24"
"346","Michigan","Kent",32,1031,"53,935",1860,656955,"2020-03-24"
"347","Michigan","Keweenaw",0,0,"47,618",NA,2116,"2020-03-24"
"348","Michigan","Lake",0,2,"31,813",NA,11853,"2020-03-24"
"349","Michigan","Lapeer",24,165,"43,679",183,87607,"2020-03-24"
"350","Michigan","Leelanau",0,9,"67,320",NA,21761,"2020-03-24"
"351","Michigan","Lenawee",0,82,"39,600",113,98451,"2020-03-24"
"352","Michigan","Livingston",14,315,"58,326",177,191995,"2020-03-24"
"353","Michigan","Luce",0,1,"31,827",25,6229,"2020-03-24"
"354","Michigan","Mackinac",0,5,"44,457",15,10799,"2020-03-24"
"355","Michigan","Macomb",520,5203,"46,530",1322,873972,"2020-03-24"
"356","Michigan","Manistee",0,11,"38,814",45,24558,"2020-03-24"
"357","Michigan","Marquette",7,42,"40,036",289,66699,"2020-03-24"
"358","Michigan","Mason",0,5,"41,667",49,29144,"2020-03-24"
"359","Michigan","Mecosta",1,14,"34,252",69,43453,"2020-03-24"
"360","Michigan","Menominee",0,3,"43,594",NA,22780,"2020-03-24"
"361","Michigan","Midland",3,52,"60,467",308,83156,"2020-03-24"
"362","Michigan","Missaukee",1,15,"34,972",NA,15118,"2020-03-24"
"363","Michigan","Monroe",12,273,"47,496",217,150500,"2020-03-24"
"364","Michigan","Montcalm",1,32,"34,972",148,63888,"2020-03-24"
"365","Michigan","Montmorency",0,5,"37,363",NA,9328,"2020-03-24"
"366","Michigan","Muskegon",13,228,"39,072",413,173566,"2020-03-24"
"367","Michigan","Newaygo",0,15,"38,037",25,48980,"2020-03-24"
"368","Michigan","Oakland",620,6928,"72,741",4435,1257584,"2020-03-24"
"369","Michigan","Oceana",1,5,"37,950",24,26467,"2020-03-24"
"370","Michigan","Ogemaw",0,9,"35,396",88,20997,"2020-03-24"
"371","Michigan","Ontonagon",0,0,"40,129",25,5720,"2020-03-24"
"372","Michigan","Osceola",0,8,"36,023",25,23460,"2020-03-24"
"373","Michigan","Oscoda",0,4,"33,896",NA,8241,"2020-03-24"
"374","Michigan","Otsego",8,87,"40,589",46,24668,"2020-03-24"
"375","Michigan","Ottawa",9,180,"49,418",311,291830,"2020-03-24"
"376","Michigan","Presque Isle",0,10,"39,004",28,12592,"2020-03-24"
"377","Michigan","Roscommon",0,13,"37,141",NA,24019,"2020-03-24"
"378","Michigan","Saginaw",43,558,"38,754",968,190539,"2020-03-24"
"379","Michigan","Sanilac",4,34,"38,004",65,41170,"2020-03-24"
"380","Michigan","Schoolcraft",0,3,"39,948",37,8094,"2020-03-24"
"381","Michigan","Shiawassee",7,130,"39,435",107,68122,"2020-03-24"
"382","Michigan","St. Clair",18,302,"44,316",398,159128,"2020-03-24"
"383","Michigan","St. Joseph",1,28,"38,866",144,60964,"2020-03-24"
"384","Michigan","Tuscola",13,82,"37,979",50,52245,"2020-03-24"
"385","Michigan","Van Buren",2,35,"41,123",84,75677,"2020-03-24"
"386","Michigan","Washtenaw",50,1001,"59,363",1719,367601,"2020-03-24"
"387","Michigan","Wayne",1580,15748,"42,942",6079,1749343,"2020-03-24"
"388","Michigan","Wexford",1,8,"36,454",49,33631,"2020-03-24"
"389","New Jersey","Atlantic",29,638,"48,668",1573,263670,"2020-03-21"
"390","New Jersey","Bergen",955,14965,"85,951",3019,932202,"2020-03-21"
"391","New Jersey","Burlington",94,2333,"62,120",1112,445349,"2020-03-21"
"392","New Jersey","Camden",121,2983,"54,103",2828,506471,"2020-03-21"
"393","New Jersey","Cape May",18,281,"60,877",NA,92039,"2020-03-21"
"394","New Jersey","Cumberland",6,520,"40,289",511,149527,"2020-03-21"
"395","New Jersey","Essex",1023,12863,"67,459",4447,798975,"2020-03-21"
"396","New Jersey","Gloucester",31,976,"54,745",609,291636,"2020-03-21"
"397","New Jersey","Hudson",661,13708,"65,139",1878,672391,"2020-03-21"
"398","New Jersey","Hunterdon",23,536,"89,610",184,124371,"2020-03-21"
"399","New Jersey","Mercer",188,3355,"69,344",2058,367430,"2020-03-21"
"400","New Jersey","Middlesex",442,10642,"61,065",2782,825062,"2020-03-21"
"401","New Jersey","Monmouth",291,5671,"79,978",2176,618795,"2020-03-21"
"402","New Jersey","Morris",351,4976,"98,842",2005,491845,"2020-03-21"
"403","New Jersey","Ocean",322,5962,"52,008",1522,607186,"2020-03-21"
"404","New Jersey","Passaic",426,11137,"50,570",1456,501826,"2020-03-21"
"405","New Jersey","Salem",6,181,"48,496",222,62385,"2020-03-21"
"406","New Jersey","Somerset",223,3144,"106,194",759,328934,"2020-03-21"
"407","New Jersey","Sussex",92,855,"61,757",146,140488,"2020-03-21"
"408","New Jersey","Union",571,11853,"68,262",1521,556341,"2020-03-21"
"409","New Jersey","Warren",65,778,"56,058",309,105267,"2020-03-21"
"410","New York","Albany",32,948,"61,201",1381,305506,"2020-03-22"
"411","New York","Allegany",2,35,"34,880",76,46091,"2020-03-22"
"412","New York","Bronx",0,0,"37,376",3822,1418207,"2020-03-22"
"413","New York","Broome",17,257,"44,540",742,190488,"2020-03-22"
"414","New York","Cattaraugus",0,45,"39,995",248,76117,"2020-03-22"
"415","New York","Cayuga",1,47,"42,231",99,76576,"2020-03-22"
"416","New York","Chautauqua",3,29,"40,759",399,126903,"2020-03-22"
"417","New York","Chemung",1,106,"44,373",391,83456,"2020-03-22"
"418","New York","Chenango",0,93,"41,840",58,47207,"2020-03-22"
"419","New York","Clinton",4,57,"44,081",300,80485,"2020-03-22"
"420","New York","Columbia",13,143,"55,810",192,59461,"2020-03-22"
"421","New York","Cortland",0,28,"40,691",162,47581,"2020-03-22"
"422","New York","Delaware",4,58,"39,632",67,44135,"2020-03-22"
"423","New York","Dutchess",35,2729,"56,365",676,294218,"2020-03-22"
"424","New York","Erie",207,2954,"51,539",2788,918702,"2020-03-22"
"425","New York","Essex",0,24,"45,996",40,36885,"2020-03-22"
"426","New York","Franklin",0,14,"37,644",173,50022,"2020-03-22"
"427","New York","Fulton",0,62,"43,112",74,53383,"2020-03-22"
"428","New York","Genesee",3,144,"43,582",131,57280,"2020-03-22"
"429","New York","Greene",5,110,"47,008",NA,47188,"2020-03-22"
"430","New York","Hamilton",0,3,"54,086",NA,4416,"2020-03-22"
"431","New York","Herkimer",3,57,"41,581",25,61319,"2020-03-22"
"432","New York","Jefferson",0,60,"46,924",344,109834,"2020-03-22"
"433","New York","Kings",0,0,"52,192",6166,2559903,"2020-03-22"
"434","New York","Lewis",0,9,"43,971",31,26296,"2020-03-22"
"435","New York","Livingston",5,60,"45,908",67,62914,"2020-03-22"
"436","New York","Madison",5,123,"44,502",126,70941,"2020-03-22"
"437","New York","Monroe",106,1316,"52,951",2009,741770,"2020-03-22"
"438","New York","Montgomery",1,47,"41,628",130,49221,"2020-03-22"
"439","New York","Nassau",1587,34522,"89,839",4343,1356924,"2020-03-22"
"440","New York","New York",17280,158258,"193,940",11052,1628706,"2020-03-22"
"441","New York","Niagara",21,368,"45,501",623,209281,"2020-03-22"
"442","New York","Oneida",14,384,"44,697",725,228671,"2020-03-22"
"443","New York","Onondaga",25,692,"52,886",1672,460528,"2020-03-22"
"444","New York","Ontario",9,84,"53,498",399,109777,"2020-03-22"
"445","New York","Orange",274,8106,"51,848",902,384940,"2020-03-22"
"446","New York","Orleans",7,80,"38,963",39,40352,"2020-03-22"
"447","New York","Oswego",2,61,"40,538",158,117124,"2020-03-22"
"448","New York","Otsego",4,60,"43,522",240,59493,"2020-03-22"
"449","New York","Putnam",7,904,"65,833",164,98320,"2020-03-22"
"450","New York","Queens",0,0,"49,777",3734,2253858,"2020-03-22"
"451","New York","Rensselaer",11,242,"49,156",423,158714,"2020-03-22"
"452","New York","Richmond",0,0,"56,749",1187,476143,"2020-03-22"
"453","New York","Rockland",453,11256,"60,464",1169,325789,"2020-03-22"
"454","New York","Saratoga",11,330,"67,618",259,229863,"2020-03-22"
"455","New York","Schenectady",15,449,"50,533",538,155299,"2020-03-22"
"456","New York","Schoharie",0,35,"40,791",40,30999,"2020-03-22"
"457","New York","Schuyler",0,7,"42,063",25,17807,"2020-03-22"
"458","New York","Seneca",0,38,"38,593",NA,34016,"2020-03-22"
"459","New York","St. Lawrence",0,167,"37,940",319,107740,"2020-03-22"
"460","New York","Steuben",33,207,"45,194",214,95379,"2020-03-22"
"461","New York","Suffolk",1070,32059,"68,617",3583,1476601,"2020-03-22"
"462","New York","Sullivan",17,724,"46,303",169,75432,"2020-03-22"
"463","New York","Tioga",5,71,"45,910",NA,48203,"2020-03-22"
"464","New York","Tompkins",0,126,"45,282",212,102180,"2020-03-22"
"465","New York","Ulster",23,1190,"50,462",325,177573,"2020-03-22"
"466","New York","Warren",0,135,"52,475",410,63944,"2020-03-22"
"467","New York","Washington",2,127,"40,043",NA,61204,"2020-03-22"
"468","New York","Wayne",0,65,"46,048",120,89918,"2020-03-22"
"469","New York","Westchester",946,27664,"108,976",3235,967506,"2020-03-22"
"470","New York","Wyoming",5,59,"39,801",62,39859,"2020-03-22"
"471","New York","Yates",1,17,"39,402",25,24913,"2020-03-22"
"472","Pennsylvania","Adams",1,117,"49,173",NA,103009,"2020-01-01"
"473","Pennsylvania","Allegheny",73,1211,"62,958",NA,1216045,"2020-01-01"
"474","Pennsylvania","Armstrong",2,46,"45,510",NA,64735,"2020-01-01"
"475","Pennsylvania","Beaver",46,366,"48,763",NA,163929,"2020-01-01"
"476","Pennsylvania","Bedford",1,21,"42,889",NA,47888,"2020-01-01"
"477","Pennsylvania","Berks",88,2491,"49,945",NA,421164,"2020-01-01"
"478","Pennsylvania","Blair",0,21,"46,743",NA,121829,"2020-01-01"
"479","Pennsylvania","Bradford",2,28,"41,331",NA,60323,"2020-01-01"
"480","Pennsylvania","Bucks",141,2541,"73,447",NA,628270,"2020-01-01"
"481","Pennsylvania","Butler",6,170,"58,927",NA,187853,"2020-01-01"
"482","Pennsylvania","Cambria",1,21,"43,420",NA,130192,"2020-01-01"
"483","Pennsylvania","Cameron",0,1,"48,651",NA,4447,"2020-01-01"
"484","Pennsylvania","Carbon",12,163,"50,322",NA,64182,"2020-01-01"
"485","Pennsylvania","Centre",1,81,"46,193",NA,162385,"2020-01-01"
"486","Pennsylvania","Chester",82,1177,"82,846",NA,524989,"2020-01-01"
"487","Pennsylvania","Clarion",1,22,"41,732",NA,38438,"2020-01-01"
"488","Pennsylvania","Clearfield",0,11,"44,421",NA,79255,"2020-01-01"
"489","Pennsylvania","Clinton",0,21,"39,716",NA,38632,"2020-01-01"
"490","Pennsylvania","Columbia",7,269,"42,211",NA,64964,"2020-01-01"
"491","Pennsylvania","Crawford",0,19,"40,969",NA,84629,"2020-01-01"
"492","Pennsylvania","Cumberland",8,267,"55,141",NA,253370,"2020-01-01"
"493","Pennsylvania","Dauphin",18,519,"51,100",NA,278299,"2020-01-01"
"494","Pennsylvania","Delaware",141,3281,"66,617",NA,566747,"2020-01-01"
"495","Pennsylvania","Elk",0,3,"48,886",NA,29910,"2020-01-01"
"496","Pennsylvania","Erie",0,77,"44,903",NA,269728,"2020-01-01"
"497","Pennsylvania","Fayette",4,79,"42,649",NA,129274,"2020-01-01"
"498","Pennsylvania","Forest",0,7,"22,787",NA,7247,"2020-01-01"
"499","Pennsylvania","Franklin",2,205,"46,403",NA,155027,"2020-01-01"
"500","Pennsylvania","Fulton",0,3,"45,522",NA,14530,"2020-01-01"
"501","Pennsylvania","Greene",0,25,"44,751",NA,36233,"2020-01-01"
"502","Pennsylvania","Huntingdon",0,22,"38,558",NA,45144,"2020-01-01"
"503","Pennsylvania","Indiana",4,63,"39,923",NA,84073,"2020-01-01"
"504","Pennsylvania","Jefferson",0,4,"44,136",NA,43425,"2020-01-01"
"505","Pennsylvania","Juniata",0,78,"45,277",NA,24763,"2020-01-01"
"506","Pennsylvania","Lackawanna",63,793,"47,730",NA,209674,"2020-01-01"
"507","Pennsylvania","Lancaster",140,1577,"52,664",NA,545724,"2020-01-01"
"508","Pennsylvania","Lawrence",5,61,"43,929",NA,85512,"2020-01-01"
"509","Pennsylvania","Lebanon",7,612,"48,352",NA,141793,"2020-01-01"
"510","Pennsylvania","Lehigh",51,2601,"53,614",NA,369318,"2020-01-01"
"511","Pennsylvania","Luzerne",67,2008,"45,219",NA,317417,"2020-01-01"
"512","Pennsylvania","Lycoming",0,55,"43,823",NA,113299,"2020-01-01"
"513","Pennsylvania","McKean",0,5,"45,261",NA,40625,"2020-01-01"
"514","Pennsylvania","Mercer",1,65,"43,024",NA,109424,"2020-01-01"
"515","Pennsylvania","Mifflin",0,27,"39,738",NA,46138,"2020-01-01"
"516","Pennsylvania","Monroe",45,1065,"42,722",NA,170271,"2020-01-01"
"517","Pennsylvania","Montgomery",217,3733,"80,606",NA,830915,"2020-01-01"
"518","Pennsylvania","Montour",0,47,"57,426",NA,18230,"2020-01-01"
"519","Pennsylvania","Northampton",49,1813,"54,859",NA,305285,"2020-01-01"
"520","Pennsylvania","Northumberland",0,90,"41,712",NA,90843,"2020-01-01"
"521","Pennsylvania","Perry",1,26,"44,693",NA,46272,"2020-01-01"
"522","Pennsylvania","Philadelphia",472,12566,"55,747",NA,1584064,"2020-01-01"
"523","Pennsylvania","Pike",12,349,"47,864",NA,55809,"2020-01-01"
"524","Pennsylvania","Potter",0,4,"42,819",NA,16526,"2020-01-01"
"525","Pennsylvania","Schuylkill",5,321,"42,862",NA,141359,"2020-01-01"
"526","Pennsylvania","Snyder",1,33,"42,449",NA,40372,"2020-01-01"
"527","Pennsylvania","Somerset",0,25,"42,179",NA,73447,"2020-01-01"
"528","Pennsylvania","Sullivan",0,1,"46,097",NA,6066,"2020-01-01"
"529","Pennsylvania","Susquehanna",4,79,"45,336",NA,40328,"2020-01-01"
"530","Pennsylvania","Tioga",1,14,"41,039",NA,40591,"2020-01-01"
"531","Pennsylvania","Union",0,31,"41,246",NA,44923,"2020-01-01"
"532","Pennsylvania","Venango",0,7,"42,223",NA,50668,"2020-01-01"
"533","Pennsylvania","Warren",0,1,"42,875",NA,39191,"2020-01-01"
"534","Pennsylvania","Washington",2,101,"59,568",NA,206865,"2020-01-01"
"535","Pennsylvania","Wayne",3,92,"43,996",NA,51361,"2020-01-01"
"536","Pennsylvania","Westmoreland",19,374,"52,200",NA,348899,"2020-01-01"
"537","Pennsylvania","Wyoming",2,17,"45,285",NA,26794,"2020-01-01"
"538","Pennsylvania","York",8,593,NA,NA,449058,"2020-01-01"
"539","Texas","Anderson",0,19,"34,242",156,57735,"2020-04-02"
"540","Texas","Andrews",0,19,"50,011",34,18705,"2020-04-02"
"541","Texas","Angelina",0,36,"38,897",470,86715,"2020-04-02"
"542","Texas","Aransas",0,2,"48,389",NA,23510,"2020-04-02"
"543","Texas","Archer",0,0,"50,310",NA,8553,"2020-04-02"
"544","Texas","Armstrong",0,2,"47,995",NA,1887,"2020-04-02"
"545","Texas","Atascosa",1,14,"36,660",67,51153,"2020-04-02"
"546","Texas","Austin",0,12,"50,702",32,30032,"2020-04-02"
"547","Texas","Bailey",0,0,"42,507",25,7000,"2020-04-02"
"548","Texas","Bandera",0,6,"43,459",NA,23112,"2020-04-02"
"549","Texas","Bastrop",2,58,"36,561",8,88723,"2020-04-02"
"550","Texas","Baylor",0,0,"41,704",49,3509,"2020-04-02"
"551","Texas","Bee",0,6,"28,457",69,32565,"2020-04-02"
"552","Texas","Bell",3,165,"42,773",1091,362924,"2020-04-02"
"553","Texas","Bexar",43,1334,"46,058",8104,2003554,"2020-04-02"
"554","Texas","Blanco",0,6,"51,968",NA,11931,"2020-04-02"
"555","Texas","Borden",0,0,"63,756",NA,654,"2020-04-02"
"556","Texas","Bosque",0,4,"41,592",25,18685,"2020-04-02"
"557","Texas","Bowie",1,68,"40,010",841,93245,"2020-04-02"
"558","Texas","Brazoria",3,445,"47,239",357,374264,"2020-04-02"
"559","Texas","Brazos",16,181,"39,216",658,229211,"2020-04-02"
"560","Texas","Brewster",0,0,"45,652",25,9203,"2020-04-02"
"561","Texas","Briscoe",0,0,"35,243",NA,1546,"2020-04-02"
"562","Texas","Brooks",0,1,"33,861",NA,7093,"2020-04-02"
"563","Texas","Brown",1,17,"38,830",194,37864,"2020-04-02"
"564","Texas","Burleson",0,11,"42,629",25,18443,"2020-04-02"
"565","Texas","Burnet",0,14,"46,516",71,48155,"2020-04-02"
"566","Texas","Caldwell",0,11,"33,668",59,43664,"2020-04-02"
"567","Texas","Calhoun",2,26,"38,668",25,21290,"2020-04-02"
"568","Texas","Callahan",0,1,"39,392",NA,13943,"2020-04-02"
"569","Texas","Cameron",14,366,"28,756",1519,423163,"2020-04-02"
"570","Texas","Camp",0,6,"38,660",25,13094,"2020-04-02"
"571","Texas","Carson",0,1,"46,373",NA,5926,"2020-04-02"
"572","Texas","Cass",0,13,"36,905",68,30026,"2020-04-02"
"573","Texas","Castro",1,13,"42,786",17,7530,"2020-04-02"
"574","Texas","Chambers",0,41,"53,673",39,43837,"2020-04-02"
"575","Texas","Cherokee",1,12,"34,468",429,52646,"2020-04-02"
"576","Texas","Childress",0,1,"30,084",39,7306,"2020-04-02"
"577","Texas","Clay",0,3,"42,335",25,10471,"2020-04-02"
"578","Texas","Cochran",0,1,"38,312",18,2853,"2020-04-02"
"579","Texas","Coke",0,0,"41,895",NA,3387,"2020-04-02"
"580","Texas","Coleman",0,1,"40,669",25,8175,"2020-04-02"
"581","Texas","Collin",16,654,"65,874",2623,1034730,"2020-04-02"
"582","Texas","Collingsworth",0,0,"33,039",16,2920,"2020-04-02"
"583","Texas","Colorado",0,10,"46,821",103,21493,"2020-04-02"
"584","Texas","Comal",6,48,"58,067",348,156209,"2020-04-02"
"585","Texas","Comanche",0,4,"42,465",25,13635,"2020-04-02"
"586","Texas","Concho",0,1,"19,801",16,2726,"2020-04-02"
"587","Texas","Cooke",0,4,"54,174",78,41257,"2020-04-02"
"588","Texas","Coryell",1,105,"33,996",25,75951,"2020-04-02"
"589","Texas","Cottle",0,0,"57,288",NA,1398,"2020-04-02"
"590","Texas","Crane",0,2,"47,758",25,4797,"2020-04-02"
"591","Texas","Crockett",0,0,"41,472",NA,3464,"2020-04-02"
"592","Texas","Crosby",1,2,"30,773",25,5737,"2020-04-02"
"593","Texas","Culberson",0,0,"54,180",14,2171,"2020-04-02"
"594","Texas","Dallam",1,8,"52,148",NA,7287,"2020-04-02"
"595","Texas","Dallas",82,3014,"58,993",9417,2635516,"2020-04-02"
"596","Texas","Dawson",1,21,"37,111",22,12728,"2020-04-02"
"597","Texas","DeWitt",1,15,"54,549",NA,20160,"2020-04-02"
"598","Texas","Deaf Smith",0,21,"40,470",82,18546,"2020-04-02"
"599","Texas","Delta",0,1,"34,803",NA,5331,"2020-04-02"
"600","Texas","Denton",20,702,"55,933",1516,887207,"2020-04-02"
"601","Texas","Dickens",0,1,"31,586",NA,2211,"2020-04-02"
"602","Texas","Dimmit",0,1,"36,639",48,10124,"2020-04-02"
"603","Texas","Donley",0,24,"45,736",NA,3278,"2020-04-02"
"604","Texas","Duval",0,2,"36,418",NA,11157,"2020-04-02"
"605","Texas","Eastland",0,3,"71,142",52,18360,"2020-04-02"
"606","Texas","Ector",4,67,"47,271",669,166223,"2020-04-02"
"607","Texas","Edwards",0,0,"35,182",NA,1932,"2020-04-02"
"608","Texas","El Paso",12,780,"35,856",2813,839238,"2020-04-02"
"609","Texas","Ellis",5,127,"44,313",233,184826,"2020-04-02"
"610","Texas","Erath",1,13,"39,572",98,42698,"2020-04-02"
"611","Texas","Falls",0,2,"34,619",36,17297,"2020-04-02"
"612","Texas","Fannin",0,15,"37,605",25,35514,"2020-04-02"
"613","Texas","Fayette",1,15,"53,564",65,25346,"2020-04-02"
"614","Texas","Fisher",0,0,"46,444",14,3830,"2020-04-02"
"615","Texas","Floyd",0,3,"37,367",25,5712,"2020-04-02"
"616","Texas","Foard",0,0,"42,954",NA,1155,"2020-04-02"
"617","Texas","Fort Bend",21,919,"57,540",1105,811688,"2020-04-02"
"618","Texas","Franklin",0,1,"39,730",49,10725,"2020-04-02"
"619","Texas","Freestone",0,3,"37,066",37,19717,"2020-04-02"
"620","Texas","Frio",0,3,"27,545",40,20306,"2020-04-02"
"621","Texas","Gaines",0,2,"36,009",25,21492,"2020-04-02"
"622","Texas","Galveston",22,539,"51,785",711,342139,"2020-04-02"
"623","Texas","Garza",0,0,"30,072",NA,6229,"2020-04-02"
"624","Texas","Gillespie",0,1,"60,561",86,26988,"2020-04-02"
"625","Texas","Glasscock",0,0,"102,145",NA,1409,"2020-04-02"
"626","Texas","Goliad",0,7,"43,858",NA,7658,"2020-04-02"
"627","Texas","Gonzales",0,12,"43,342",34,20837,"2020-04-02"
"628","Texas","Gray",0,37,"44,002",115,21886,"2020-04-02"
"629","Texas","Grayson",0,22,"42,195",602,136212,"2020-04-02"
"630","Texas","Gregg",0,62,"45,401",846,123945,"2020-04-02"
"631","Texas","Grimes",1,13,"35,450",25,28880,"2020-04-02"
"632","Texas","Guadalupe",0,68,"44,809",125,166847,"2020-04-02"
"633","Texas","Hale",4,19,"32,263",88,33406,"2020-04-02"
"634","Texas","Hall",0,0,"30,180",NA,2964,"2020-04-02"
"635","Texas","Hamilton",0,5,"60,744",42,8461,"2020-04-02"
"636","Texas","Hansford",0,4,"62,998",25,5399,"2020-04-02"
"637","Texas","Hardeman",0,0,"38,212",45,3933,"2020-04-02"
"638","Texas","Hardin",3,92,"45,982",NA,57602,"2020-04-02"
"639","Texas","Harris",84,5628,"56,474",17209,4713325,"2020-04-02"
"640","Texas","Harrison",4,71,"41,917",149,66553,"2020-04-02"
"641","Texas","Hartley",0,4,"62,463",21,5576,"2020-04-02"
"642","Texas","Haskell",0,0,"34,530",25,5658,"2020-04-02"
"643","Texas","Hays",1,148,"43,719",354,230191,"2020-04-02"
"644","Texas","Hemphill",0,1,"58,484",26,3819,"2020-04-02"
"645","Texas","Henderson",0,24,"39,627",117,82737,"2020-04-02"
"646","Texas","Hidalgo",4,303,"26,410",2386,868707,"2020-04-02"
"647","Texas","Hill",1,15,"39,205",165,36649,"2020-04-02"
"648","Texas","Hockley",1,20,"38,975",48,23021,"2020-04-02"
"649","Texas","Hood",3,17,"50,741",83,61643,"2020-04-02"
"650","Texas","Hopkins",0,4,"39,120",96,37084,"2020-04-02"
"651","Texas","Houston",0,6,"38,081",25,22968,"2020-04-02"
"652","Texas","Howard",1,4,"40,255",350,36664,"2020-04-02"
"653","Texas","Hudspeth",0,0,"32,472",NA,4886,"2020-04-02"
"654","Texas","Hunt",3,39,"38,029",271,98594,"2020-04-02"
"655","Texas","Hutchinson",0,11,"41,550",50,20938,"2020-04-02"
"656","Texas","Irion",0,0,"68,327",NA,1536,"2020-04-02"
"657","Texas","Jack",0,4,"44,061",58,8935,"2020-04-02"
"658","Texas","Jackson",0,6,"41,770",25,14760,"2020-04-02"
"659","Texas","Jasper",1,14,"40,803",59,35529,"2020-04-02"
"660","Texas","Jeff Davis",0,0,"42,947",NA,2274,"2020-04-02"
"661","Texas","Jefferson",18,266,"44,065",1699,251565,"2020-04-02"
"662","Texas","Jim Hogg",0,1,"30,696",NA,5200,"2020-04-02"
"663","Texas","Jim Wells",0,3,"40,570",159,40482,"2020-04-02"
"664","Texas","Johnson",1,57,"41,697",137,175817,"2020-04-02"
"665","Texas","Jones",0,13,"30,559",95,20083,"2020-04-02"
"666","Texas","Karnes",0,3,"49,593",25,15601,"2020-04-02"
"667","Texas","Kaufman",0,71,"42,837",407,136154,"2020-04-02"
"668","Texas","Kendall",0,16,"84,270",NA,47431,"2020-04-02"
"669","Texas","Kenedy",0,0,"43,561",NA,404,"2020-04-02"
"670","Texas","Kent",0,0,"54,858",NA,762,"2020-04-02"
"671","Texas","Kerr",0,6,"50,150",326,52600,"2020-04-02"
"672","Texas","Kimble",0,0,"43,309",15,4337,"2020-04-02"
"673","Texas","King",0,0,"55,661",NA,272,"2020-04-02"
"674","Texas","Kinney",0,0,"30,431",NA,3667,"2020-04-02"
"675","Texas","Kleberg",1,8,"38,997",100,30680,"2020-04-02"
"676","Texas","Knox",0,1,"38,457",28,3664,"2020-04-02"
"677","Texas","La Salle",0,1,"35,809",NA,7520,"2020-04-02"
"678","Texas","Lamar",0,8,"40,763",393,49859,"2020-04-02"
"679","Texas","Lamb",0,2,"38,247",75,12893,"2020-04-02"
"680","Texas","Lampasas",0,2,"49,457",25,21428,"2020-04-02"
"681","Texas","Lavaca",0,5,"50,919",50,20154,"2020-04-02"
"682","Texas","Lee",0,2,"46,713",NA,17239,"2020-04-02"
"683","Texas","Leon",0,5,"40,388",NA,17404,"2020-04-02"
"684","Texas","Liberty",0,38,"37,237",136,88219,"2020-04-02"
"685","Texas","Limestone",1,11,"35,771",79,23437,"2020-04-02"
"686","Texas","Lipscomb",0,0,"64,757",NA,3233,"2020-04-02"
"687","Texas","Live Oak",0,5,"35,636",NA,12207,"2020-04-02"
"688","Texas","Llano",0,3,"47,476",30,21795,"2020-04-02"
"689","Texas","Loving",0,0,"56,730",NA,169,"2020-04-02"
"690","Texas","Lubbock",40,497,"42,569",1563,310569,"2020-04-02"
"691","Texas","Lynn",1,5,"33,119",24,5951,"2020-04-02"
"692","Texas","Madison",0,2,"30,435",25,14284,"2020-04-02"
"693","Texas","Marion",0,7,"38,063",NA,9854,"2020-04-02"
"694","Texas","Martin",0,2,"56,021",43,5771,"2020-04-02"
"695","Texas","Mason",0,1,"44,601",NA,4274,"2020-04-02"
"696","Texas","Matagorda",3,59,"40,596",75,36643,"2020-04-02"
"697","Texas","Maverick",0,16,"30,505",101,58722,"2020-04-02"
"698","Texas","McCulloch",0,3,"37,927",NA,7984,"2020-04-02"
"699","Texas","McLennan",4,81,"41,254",NA,256623,"2020-04-02"
"700","Texas","McMullen",0,0,"72,150",NA,743,"2020-04-02"
"701","Texas","Medina",2,19,"39,403",25,51584,"2020-04-02"
"702","Texas","Menard",0,0,"35,311",NA,2138,"2020-04-02"
"703","Texas","Midland",5,71,"124,455",669,176832,"2020-04-02"
"704","Texas","Milam",1,13,"36,135",35,24823,"2020-04-02"
"705","Texas","Mills",0,0,"37,153",NA,4873,"2020-04-02"
"706","Texas","Mitchell",0,1,"31,913",25,8545,"2020-04-02"
"707","Texas","Montague",1,6,"42,074",87,19818,"2020-04-02"
"708","Texas","Montgomery",9,506,"63,605",1530,607391,"2020-04-02"
"709","Texas","Moore",3,252,"41,275",25,20940,"2020-04-02"
"710","Texas","Morris",0,5,"43,421",NA,12388,"2020-04-02"
"711","Texas","Motley",0,1,"28,938",NA,1200,"2020-04-02"
"712","Texas","Nacogdoches",7,125,"37,755",390,65204,"2020-04-02"
"713","Texas","Navarro",2,28,"37,922",162,50113,"2020-04-02"
"714","Texas","Newton",0,2,"33,350",NA,13595,"2020-04-02"
"715","Texas","Nolan",0,1,"43,087",85,14714,"2020-04-02"
"716","Texas","Nueces",2,94,"44,378",2224,362294,"2020-04-02"
"717","Texas","Ochiltree",0,5,"57,287",25,9836,"2020-04-02"
"718","Texas","Oldham",1,3,"49,120",NA,2112,"2020-04-02"
"719","Texas","Orange",0,64,"44,938",94,83396,"2020-04-02"
"720","Texas","Palo Pinto",1,7,"39,125",74,29189,"2020-04-02"
"721","Texas","Panola",5,76,"43,508",49,23194,"2020-04-02"
"722","Texas","Parker",0,24,"53,289",125,142878,"2020-04-02"
"723","Texas","Parmer",0,4,"44,981",25,9605,"2020-04-02"
"724","Texas","Pecos",0,8,"36,584",41,15823,"2020-04-02"
"725","Texas","Polk",0,18,"39,438",66,51353,"2020-04-02"
"726","Texas","Potter",6,326,"43,945",1146,117415,"2020-04-02"
"727","Texas","Presidio",0,0,"42,848",NA,6704,"2020-04-02"
"728","Texas","Rains",0,2,"33,602",NA,12514,"2020-04-02"
"729","Texas","Randall",3,164,"47,966",4,137713,"2020-04-02"
"730","Texas","Reagan",0,0,"48,253",21,3849,"2020-04-02"
"731","Texas","Real",0,0,"34,687",NA,3452,"2020-04-02"
"732","Texas","Red River",0,1,"40,648",49,12023,"2020-04-02"
"733","Texas","Reeves",0,2,"39,418",25,15976,"2020-04-02"
"734","Texas","Refugio",0,0,"42,606",20,6948,"2020-04-02"
"735","Texas","Roberts",0,2,"41,971",NA,854,"2020-04-02"
"736","Texas","Robertson",0,2,"40,394",NA,17074,"2020-04-02"
"737","Texas","Rockwall",0,51,"61,003",170,104915,"2020-04-02"
"738","Texas","Runnels",0,0,"39,816",50,10264,"2020-04-02"
"739","Texas","Rusk",1,32,"36,485",96,54406,"2020-04-02"
"740","Texas","Sabine",0,1,"34,631",25,10542,"2020-04-02"
"741","Texas","San Augustine",1,16,"39,879",18,8237,"2020-04-02"
"742","Texas","San Jacinto",0,10,"34,514",NA,28859,"2020-04-02"
"743","Texas","San Patricio",0,12,"43,945",75,66730,"2020-04-02"
"744","Texas","San Saba",0,0,"41,233",NA,6055,"2020-04-02"
"745","Texas","Schleicher",0,0,"40,136",14,2793,"2020-04-02"
"746","Texas","Scurry",0,2,"42,095",25,16703,"2020-04-02"
"747","Texas","Shackelford",0,0,"130,461",NA,3265,"2020-04-02"
"748","Texas","Shelby",0,97,"41,666",NA,25274,"2020-04-02"
"749","Texas","Sherman",0,12,"49,508",NA,3022,"2020-04-02"
"750","Texas","Smith",3,132,"55,229",1337,232751,"2020-04-02"
"751","Texas","Somervell",0,0,"45,756",16,9128,"2020-04-02"
"752","Texas","Starr",0,7,"26,316",48,64633,"2020-04-02"
"753","Texas","Stephens",0,1,"39,289",40,9366,"2020-04-02"
"754","Texas","Sterling",0,0,"58,174",NA,1291,"2020-04-02"
"755","Texas","Stonewall",0,0,"53,416",20,1350,"2020-04-02"
"756","Texas","Sutton",0,0,"61,478",12,3776,"2020-04-02"
"757","Texas","Swisher",0,9,"41,977",20,7397,"2020-04-02"
"758","Texas","Tarrant",52,1947,"51,239",6814,2102515,"2020-04-02"
"759","Texas","Taylor",3,216,"45,333",956,138034,"2020-04-02"
"760","Texas","Terrell",0,0,"48,024",NA,776,"2020-04-02"
"761","Texas","Terry",0,10,"32,062",45,12337,"2020-04-02"
"762","Texas","Throckmorton",0,0,"35,941",14,1501,"2020-04-02"
"763","Texas","Titus",0,15,"34,718",164,32750,"2020-04-02"
"764","Texas","Tom Green",1,43,"45,993",614,119200,"2020-04-02"
"765","Texas","Travis",36,1396,"67,504",3904,1273954,"2020-04-02"
"766","Texas","Trinity",0,8,"34,514",45,14651,"2020-04-02"
"767","Texas","Tyler",0,6,"32,081",49,21672,"2020-04-02"
"768","Texas","Upshur",0,13,"36,645",37,41753,"2020-04-02"
"769","Texas","Upton",0,0,"44,545",44,3657,"2020-04-02"
"770","Texas","Uvalde",0,6,"39,458",25,26741,"2020-04-02"
"771","Texas","Val Verde",0,12,"36,554",93,49025,"2020-04-02"
"772","Texas","Van Zandt",1,13,"38,200",52,56590,"2020-04-02"
"773","Texas","Victoria",2,117,"46,142",723,92084,"2020-04-02"
"774","Texas","Walker",2,164,"28,016",123,72971,"2020-04-02"
"775","Texas","Waller",0,29,"39,995",NA,55246,"2020-04-02"
"776","Texas","Ward",0,0,"49,916",25,11998,"2020-04-02"
"777","Texas","Washington",11,113,"52,265",60,35882,"2020-04-02"
"778","Texas","Webb",13,340,"31,635",578,276652,"2020-04-02"
"779","Texas","Wharton",0,37,"41,473",210,41556,"2020-04-02"
"780","Texas","Wheeler",0,5,"41,801",41,5056,"2020-04-02"
"781","Texas","Wichita",2,62,"43,170",559,132230,"2020-04-02"
"782","Texas","Wilbarger",0,1,"42,041",687,12769,"2020-04-02"
"783","Texas","Willacy",1,13,"28,593",NA,21358,"2020-04-02"
"784","Texas","Williamson",6,211,"50,776",1009,590551,"2020-04-02"
"785","Texas","Wilson",2,29,"44,255",44,51070,"2020-04-02"
"786","Texas","Winkler",0,3,"57,584",19,8010,"2020-04-02"
"787","Texas","Wise",2,15,"43,752",184,69984,"2020-04-02"
"788","Texas","Wood",0,7,"38,152",50,45539,"2020-04-02"
"789","Texas","Yoakum",0,1,"41,112",24,8713,"2020-04-02"
"790","Texas","Young",1,4,"50,231",67,18010,"2020-04-02"
"791","Texas","Zapata",0,7,"28,294",NA,14179,"2020-04-02"
"792","Texas","Zavala",0,1,"29,202",NA,11840,"2020-04-02"
